name,email,department,year,dob
maddy1,,IT,23,130306
maddy2,,IT,23,130306
maddy3,,IT,23,130306
maddy4,,IT,23,130306
maddy5,,IT,23,130306
maddy6,,IT,23,130306
maddy7,,IT,23,130306
maddy8,,IT,23,130306
maddy9,,IT,23,130306
maddy10,,IT,23,130306
maddy11,,IT,23,130306
maddy12,,IT,23,130306
maddy13,,IT,23,130306
maddy14,,IT,23,130306
maddy15,,IT,23,130306
maddy16,,IT,23,130306
maddy17,,IT,23,130306
maddy18,,IT,23,130306
maddy19,,IT,23,130306
maddy20,,IT,23,130306
maddy21,,IT,23,130306
maddy22,,IT,23,130306
maddy23,,IT,23,130306
maddy24,,IT,23,130306
