name,email,department,year,day ,month,dob_year
maddy1,,IT,23,13,3,6
maddy2,,IT,23,13,3,6
maddy3,,IT,23,13,3,6
maddy4,,IT,23,13,3,6
maddy5,,IT,23,13,3,6
maddy6,,IT,23,13,3,6
maddy7,,IT,23,13,3,6
maddy8,,IT,23,13,3,6
maddy9,,IT,23,13,3,6
maddy10,,IT,23,13,3,6
maddy11,,IT,23,13,3,6
maddy12,,IT,23,13,3,6
maddy13,,IT,23,13,3,6
maddy14,,IT,23,13,3,6
maddy15,,IT,23,13,3,6
maddy16,,IT,23,13,3,6
maddy17,,IT,23,13,3,6
maddy18,,IT,23,13,3,6
maddy19,,IT,23,13,3,6
maddy20,,IT,23,13,3,6
maddy21,,IT,23,13,3,6
maddy22,,IT,23,13,3,6
maddy23,,IT,23,13,3,6
maddy24,,IT,23,13,3,6
maddy25,,IT,23,13,3,6
hr1,,IT,22,13,3,6
hr2,,IT,22,13,3,6
hr3,,IT,22,13,3,6
hr4,,IT,22,13,3,6
hr5,,IT,22,13,3,6
hr6,,IT,22,13,3,6
hr7,,IT,22,13,3,6
hr8,,IT,22,13,3,6
hr9,,IT,22,13,3,6
hr10,,IT,22,13,3,6
hr11,,IT,22,13,3,6
hr12,,IT,22,13,3,6
hr13,,IT,22,13,3,6
hr14,,IT,22,13,3,6
hr15,,IT,22,13,3,6
hr16,,IT,22,13,3,6
hr17,,IT,22,13,3,6
hr18,,IT,22,13,3,6
hr19,,IT,22,13,3,6
hr20,,IT,22,13,3,6
